{
  "Get product detail  " : {
    "transaction" : "Get product detail  ",
    "sampleCount" : 3958,
    "errorCount" : 0,
    "errorPct" : 0.0,
    "meanResTime" : 373.38984335523025,
    "medianResTime" : 316.5,
    "minResTime" : 22.0,
    "maxResTime" : 6879.0,
    "pct1ResTime" : 634.0,
    "pct2ResTime" : 788.0,
    "pct3ResTime" : 1208.809999999994,
    "throughput" : 4.50643288170329,
    "receivedKBytesPerSec" : 5.845916827963111,
    "sentKBytesPerSec" : 13.967481124758056
  },
  "Create order from cart" : {
    "transaction" : "Create order from cart",
    "sampleCount" : 395,
    "errorCount" : 0,
    "errorPct" : 0.0,
    "meanResTime" : 692.832911392406,
    "medianResTime" : 589.0,
    "minResTime" : 342.0,
    "maxResTime" : 8566.0,
    "pct1ResTime" : 784.6000000000004,
    "pct2ResTime" : 936.9999999999997,
    "pct3ResTime" : 3466.200000000003,
    "throughput" : 0.45191767547276884,
    "receivedKBytesPerSec" : 0.5376868415016023,
    "sentKBytesPerSec" : 0.9245072774477062
  },
  "Get cart" : {
    "transaction" : "Get cart",
    "sampleCount" : 395,
    "errorCount" : 0,
    "errorPct" : 0.0,
    "meanResTime" : 390.8506329113928,
    "medianResTime" : 346.0,
    "minResTime" : 120.0,
    "maxResTime" : 3934.0,
    "pct1ResTime" : 493.0,
    "pct2ResTime" : 553.8,
    "pct3ResTime" : 1675.6800000000362,
    "throughput" : 0.452187730029043,
    "receivedKBytesPerSec" : 15.68703159754777,
    "sentKBytesPerSec" : 4.375640718532027
  },
  "Total" : {
    "transaction" : "Total",
    "sampleCount" : 10692,
    "errorCount" : 1,
    "errorPct" : 0.009352787,
    "meanResTime" : 397.3347362514008,
    "medianResTime" : 340.0,
    "minResTime" : 2.0,
    "maxResTime" : 8566.0,
    "pct1ResTime" : 688.0,
    "pct2ResTime" : 820.3500000000004,
    "pct3ResTime" : 1638.9199999999837,
    "throughput" : 12.143500467363491,
    "receivedKBytesPerSec" : 41.812994302197346,
    "sentKBytesPerSec" : 33.74218085405425
  },
  "SignIn" : {
    "transaction" : "SignIn",
    "sampleCount" : 400,
    "errorCount" : 0,
    "errorPct" : 0.0,
    "meanResTime" : 159.12500000000026,
    "medianResTime" : 137.0,
    "minResTime" : 55.0,
    "maxResTime" : 1190.0,
    "pct1ResTime" : 220.0,
    "pct2ResTime" : 267.79999999999995,
    "pct3ResTime" : 821.7600000000002,
    "throughput" : 0.4543528708854088,
    "receivedKBytesPerSec" : 1.2050301140113338,
    "sentKBytesPerSec" : 0.8305572698305149
  },
  "Remove  cart" : {
    "transaction" : "Remove  cart",
    "sampleCount" : 395,
    "errorCount" : 1,
    "errorPct" : 0.25316456,
    "meanResTime" : 205.52658227848121,
    "medianResTime" : 137.0,
    "minResTime" : 49.0,
    "maxResTime" : 4465.0,
    "pct1ResTime" : 229.4000000000002,
    "pct2ResTime" : 272.5999999999999,
    "pct3ResTime" : 3142.600000000015,
    "throughput" : 0.4521918713073382,
    "receivedKBytesPerSec" : 0.10788411731860523,
    "sentKBytesPerSec" : 0.8610371360427831
  },
  " Search 50 products  with prices, availability, tax, discounts" : {
    "transaction" : " Search 50 products  with prices, availability, tax, discounts",
    "sampleCount" : 398,
    "errorCount" : 0,
    "errorPct" : 0.0,
    "meanResTime" : 553.8693467336686,
    "medianResTime" : 391.5,
    "minResTime" : 179.0,
    "maxResTime" : 3137.0,
    "pct1ResTime" : 1050.5,
    "pct2ResTime" : 1211.1999999999998,
    "pct3ResTime" : 1692.8799999999983,
    "throughput" : 0.45297174503381354,
    "receivedKBytesPerSec" : 16.73280640394495,
    "sentKBytesPerSec" : 1.320953821707248
  },
  "Add  SKU to cart" : {
    "transaction" : "Add  SKU to cart",
    "sampleCount" : 3956,
    "errorCount" : 0,
    "errorPct" : 0.0,
    "meanResTime" : 488.5834175935289,
    "medianResTime" : 423.0,
    "minResTime" : 44.0,
    "maxResTime" : 8400.0,
    "pct1ResTime" : 735.3000000000002,
    "pct2ResTime" : 844.2999999999993,
    "pct3ResTime" : 2078.169999999997,
    "throughput" : 4.504242937640829,
    "receivedKBytesPerSec" : 1.4349130811196391,
    "sentKBytesPerSec" : 9.988689846410553
  },
  "Get me" : {
    "transaction" : "Get me",
    "sampleCount" : 400,
    "errorCount" : 0,
    "errorPct" : 0.0,
    "meanResTime" : 100.075,
    "medianResTime" : 74.0,
    "minResTime" : 25.0,
    "maxResTime" : 1568.0,
    "pct1ResTime" : 137.0,
    "pct2ResTime" : 188.95,
    "pct3ResTime" : 1033.4500000000032,
    "throughput" : 0.4549657808862051,
    "receivedKBytesPerSec" : 0.19664829552757263,
    "sentKBytesPerSec" : 0.8272213153316643
  },
  " Logout" : {
    "transaction" : " Logout",
    "sampleCount" : 395,
    "errorCount" : 0,
    "errorPct" : 0.0,
    "meanResTime" : 10.713924050632919,
    "medianResTime" : 7.0,
    "minResTime" : 2.0,
    "maxResTime" : 133.0,
    "pct1ResTime" : 22.0,
    "pct2ResTime" : 29.0,
    "pct3ResTime" : 66.08000000000004,
    "throughput" : 0.4522270752357019,
    "receivedKBytesPerSec" : 0.24863656577900406,
    "sentKBytesPerSec" : 0.7635043805920168
  }
}