{
  "Get product detail  " : {
    "transaction" : "Get product detail  ",
    "sampleCount" : 6977,
    "errorCount" : 0,
    "errorPct" : 0.0,
    "meanResTime" : 2426.0411351583716,
    "medianResTime" : 2151.0,
    "minResTime" : 22.0,
    "maxResTime" : 35779.0,
    "pct1ResTime" : 4163.4,
    "pct2ResTime" : 5031.799999999996,
    "pct3ResTime" : 7756.020000000049,
    "throughput" : 3.8748496322863777,
    "receivedKBytesPerSec" : 5.02490165875165,
    "sentKBytesPerSec" : 12.009934500143286
  },
  "Create order from cart" : {
    "transaction" : "Create order from cart",
    "sampleCount" : 675,
    "errorCount" : 0,
    "errorPct" : 0.0,
    "meanResTime" : 2891.3229629629623,
    "medianResTime" : 2840.0,
    "minResTime" : 1317.0,
    "maxResTime" : 6920.0,
    "pct1ResTime" : 3592.0,
    "pct2ResTime" : 3855.3999999999996,
    "pct3ResTime" : 4626.68,
    "throughput" : 0.3766480444433532,
    "receivedKBytesPerSec" : 0.45513981855468705,
    "sentKBytesPerSec" : 0.7705247943571427
  },
  "Add payment method" : {
    "transaction" : "Add payment method",
    "sampleCount" : 675,
    "errorCount" : 0,
    "errorPct" : 0.0,
    "meanResTime" : 5426.3792592592545,
    "medianResTime" : 5180.0,
    "minResTime" : 818.0,
    "maxResTime" : 34187.0,
    "pct1ResTime" : 6428.599999999999,
    "pct2ResTime" : 6951.999999999998,
    "pct3ResTime" : 13460.120000000003,
    "throughput" : 0.377170616900261,
    "receivedKBytesPerSec" : 0.10092260647526514,
    "sentKBytesPerSec" : 0.8879863379373293
  },
  "Get cart" : {
    "transaction" : "Get cart",
    "sampleCount" : 679,
    "errorCount" : 0,
    "errorPct" : 0.0,
    "meanResTime" : 2263.5861561119295,
    "medianResTime" : 2154.0,
    "minResTime" : 321.0,
    "maxResTime" : 9213.0,
    "pct1ResTime" : 2922.0,
    "pct2ResTime" : 3316.0,
    "pct3ResTime" : 5149.200000000008,
    "throughput" : 0.378700416180045,
    "receivedKBytesPerSec" : 13.413118132394837,
    "sentKBytesPerSec" : 3.664533387510081
  },
  "Total" : {
    "transaction" : "Total",
    "sampleCount" : 20112,
    "errorCount" : 18,
    "errorPct" : 0.0894988,
    "meanResTime" : 2641.794202466176,
    "medianResTime" : 2361.0,
    "minResTime" : 6.0,
    "maxResTime" : 35779.0,
    "pct1ResTime" : 4812.0,
    "pct2ResTime" : 5538.0,
    "pct3ResTime" : 8708.790000000034,
    "throughput" : 11.161180048391751,
    "receivedKBytesPerSec" : 36.556475526995605,
    "sentKBytesPerSec" : 30.725512514844947
  },
  "SignIn" : {
    "transaction" : "SignIn",
    "sampleCount" : 704,
    "errorCount" : 0,
    "errorPct" : 0.0,
    "meanResTime" : 944.2897727272727,
    "medianResTime" : 904.5,
    "minResTime" : 129.0,
    "maxResTime" : 2482.0,
    "pct1ResTime" : 1354.5,
    "pct2ResTime" : 1546.25,
    "pct3ResTime" : 1910.8000000000002,
    "throughput" : 0.39325390796071036,
    "receivedKBytesPerSec" : 1.0429856301726295,
    "sentKBytesPerSec" : 0.70424206768045
  },
  "Remove  cart" : {
    "transaction" : "Remove  cart",
    "sampleCount" : 674,
    "errorCount" : 16,
    "errorPct" : 2.3738873,
    "meanResTime" : 1452.9599406528193,
    "medianResTime" : 1179.5,
    "minResTime" : 348.0,
    "maxResTime" : 14847.0,
    "pct1ResTime" : 1800.0,
    "pct2ResTime" : 2381.75,
    "pct3ResTime" : 10743.25,
    "throughput" : 0.3802650345736518,
    "receivedKBytesPerSec" : 0.16322929061247493,
    "sentKBytesPerSec" : 0.7240780124438065
  },
  " Search 50 products  with prices, availability, tax, discounts" : {
    "transaction" : " Search 50 products  with prices, availability, tax, discounts",
    "sampleCount" : 704,
    "errorCount" : 0,
    "errorPct" : 0.0,
    "meanResTime" : 3412.190340909089,
    "medianResTime" : 2367.5,
    "minResTime" : 290.0,
    "maxResTime" : 23301.0,
    "pct1ResTime" : 6592.0,
    "pct2ResTime" : 7237.5,
    "pct3ResTime" : 8888.950000000003,
    "throughput" : 0.39285407368469216,
    "receivedKBytesPerSec" : 14.511965591682042,
    "sentKBytesPerSec" : 1.145641095891271
  },
  "Add  SKU to cart" : {
    "transaction" : "Add  SKU to cart",
    "sampleCount" : 6968,
    "errorCount" : 2,
    "errorPct" : 0.02870264,
    "meanResTime" : 3017.0374569460373,
    "medianResTime" : 2843.0,
    "minResTime" : 95.0,
    "maxResTime" : 30364.0,
    "pct1ResTime" : 4621.1,
    "pct2ResTime" : 5198.649999999998,
    "pct3ResTime" : 9639.109999999908,
    "throughput" : 3.869511712936431,
    "receivedKBytesPerSec" : 1.2411840258804139,
    "sentKBytesPerSec" : 8.581114597632979
  },
  "Add delivery  address" : {
    "transaction" : "Add delivery  address",
    "sampleCount" : 678,
    "errorCount" : 0,
    "errorPct" : 0.0,
    "meanResTime" : 5045.979351032446,
    "medianResTime" : 4831.0,
    "minResTime" : 815.0,
    "maxResTime" : 34074.0,
    "pct1ResTime" : 5902.2,
    "pct2ResTime" : 6340.8499999999985,
    "pct3ResTime" : 13207.910000000007,
    "throughput" : 0.37790977989263574,
    "receivedKBytesPerSec" : 0.39453456167482037,
    "sentKBytesPerSec" : 0.9661207087313324
  },
  "Get me" : {
    "transaction" : "Get me",
    "sampleCount" : 704,
    "errorCount" : 0,
    "errorPct" : 0.0,
    "meanResTime" : 590.5042613636352,
    "medianResTime" : 571.5,
    "minResTime" : 38.0,
    "maxResTime" : 2021.0,
    "pct1ResTime" : 915.5,
    "pct2ResTime" : 1014.75,
    "pct3ResTime" : 1348.1500000000035,
    "throughput" : 0.39330993213727633,
    "receivedKBytesPerSec" : 0.17002278746402807,
    "sentKBytesPerSec" : 0.7151198792192128
  },
  " Logout" : {
    "transaction" : " Logout",
    "sampleCount" : 674,
    "errorCount" : 0,
    "errorPct" : 0.0,
    "meanResTime" : 219.5682492581602,
    "medianResTime" : 194.0,
    "minResTime" : 6.0,
    "maxResTime" : 1284.0,
    "pct1ResTime" : 390.0,
    "pct2ResTime" : 486.25,
    "pct3ResTime" : 696.5,
    "throughput" : 0.38031610249349684,
    "receivedKBytesPerSec" : 0.209099575882655,
    "sentKBytesPerSec" : 0.6420953128438504
  }
}