{
  "Get product detail  " : {
    "transaction" : "Get product detail  ",
    "sampleCount" : 1950,
    "errorCount" : 0,
    "errorPct" : 0.0,
    "meanResTime" : 327.9620512820513,
    "medianResTime" : 105.0,
    "minResTime" : 22.0,
    "maxResTime" : 9836.0,
    "pct1ResTime" : 760.0,
    "pct2ResTime" : 978.3499999999995,
    "pct3ResTime" : 1981.800000000001,
    "throughput" : 1.093400514851463,
    "receivedKBytesPerSec" : 1.427043183572975,
    "sentKBytesPerSec" : 3.3889173589667534
  },
  "Create order from cart" : {
    "transaction" : "Create order from cart",
    "sampleCount" : 192,
    "errorCount" : 0,
    "errorPct" : 0.0,
    "meanResTime" : 943.4270833333335,
    "medianResTime" : 901.0,
    "minResTime" : 161.0,
    "maxResTime" : 4713.0,
    "pct1ResTime" : 1865.3000000000002,
    "pct2ResTime" : 2300.8499999999995,
    "pct3ResTime" : 4157.789999999996,
    "throughput" : 0.11217901901784932,
    "receivedKBytesPerSec" : 0.03363179574070287,
    "sentKBytesPerSec" : 0.22948633913703953
  },
  "Add payment method" : {
    "transaction" : "Add payment method",
    "sampleCount" : 192,
    "errorCount" : 0,
    "errorPct" : 0.0,
    "meanResTime" : 452.8593750000001,
    "medianResTime" : 151.5,
    "minResTime" : 81.0,
    "maxResTime" : 1821.0,
    "pct1ResTime" : 1052.0,
    "pct2ResTime" : 1220.75,
    "pct3ResTime" : 1568.0399999999981,
    "throughput" : 0.11214612640270272,
    "receivedKBytesPerSec" : 0.03000785022884819,
    "sentKBytesPerSec" : 0.264355197009203
  },
  "Get cart" : {
    "transaction" : "Get cart",
    "sampleCount" : 192,
    "errorCount" : 0,
    "errorPct" : 0.0,
    "meanResTime" : 279.7447916666667,
    "medianResTime" : 81.0,
    "minResTime" : 54.0,
    "maxResTime" : 1266.0,
    "pct1ResTime" : 805.5000000000002,
    "pct2ResTime" : 920.0999999999999,
    "pct3ResTime" : 1113.4799999999989,
    "throughput" : 0.11216112880829385,
    "receivedKBytesPerSec" : 0.09669652981061709,
    "sentKBytesPerSec" : 1.0853355421384103
  },
  "Total" : {
    "transaction" : "Total",
    "sampleCount" : 5643,
    "errorCount" : 0,
    "errorPct" : 0.0,
    "meanResTime" : 1569.4699627857526,
    "medianResTime" : 445.0,
    "minResTime" : 3.0,
    "maxResTime" : 16575.0,
    "pct1ResTime" : 6348.800000000001,
    "pct2ResTime" : 7874.000000000001,
    "pct3ResTime" : 9858.12,
    "throughput" : 3.129512920679076,
    "receivedKBytesPerSec" : 6.413906194195067,
    "sentKBytesPerSec" : 8.626862082371131
  },
  "SignIn" : {
    "transaction" : "SignIn",
    "sampleCount" : 197,
    "errorCount" : 0,
    "errorPct" : 0.0,
    "meanResTime" : 363.45685279187825,
    "medianResTime" : 120.0,
    "minResTime" : 56.0,
    "maxResTime" : 2798.0,
    "pct1ResTime" : 949.0000000000002,
    "pct2ResTime" : 1147.9999999999998,
    "pct3ResTime" : 1809.1800000000103,
    "throughput" : 0.11114076118445586,
    "receivedKBytesPerSec" : 0.29476366932633463,
    "sentKBytesPerSec" : 0.20139139188711935
  },
  "Remove  cart" : {
    "transaction" : "Remove  cart",
    "sampleCount" : 192,
    "errorCount" : 0,
    "errorPct" : 0.0,
    "meanResTime" : 221.5729166666666,
    "medianResTime" : 57.5,
    "minResTime" : 9.0,
    "maxResTime" : 2696.0,
    "pct1ResTime" : 517.5000000000005,
    "pct2ResTime" : 800.75,
    "pct3ResTime" : 2300.7499999999973,
    "throughput" : 0.11229120853413184,
    "receivedKBytesPerSec" : 0.024234723716839005,
    "sentKBytesPerSec" : 0.21381523636714547
  },
  " Search 50 products  with prices, availability, tax, discounts" : {
    "transaction" : " Search 50 products  with prices, availability, tax, discounts",
    "sampleCount" : 197,
    "errorCount" : 0,
    "errorPct" : 0.0,
    "meanResTime" : 1040.9796954314727,
    "medianResTime" : 741.0,
    "minResTime" : 114.0,
    "maxResTime" : 5557.0,
    "pct1ResTime" : 2077.2000000000003,
    "pct2ResTime" : 2532.7999999999997,
    "pct3ResTime" : 4015.460000000016,
    "throughput" : 0.11158817731757882,
    "receivedKBytesPerSec" : 4.122200958199748,
    "sentKBytesPerSec" : 0.3254111229551608
  },
  "Add  SKU to cart" : {
    "transaction" : "Add  SKU to cart",
    "sampleCount" : 1950,
    "errorCount" : 0,
    "errorPct" : 0.0,
    "meanResTime" : 3793.468717948716,
    "medianResTime" : 2939.0,
    "minResTime" : 254.0,
    "maxResTime" : 16575.0,
    "pct1ResTime" : 8575.9,
    "pct2ResTime" : 9350.849999999995,
    "pct3ResTime" : 10974.68,
    "throughput" : 1.095897185736027,
    "receivedKBytesPerSec" : 0.3531996281396049,
    "sentKBytesPerSec" : 2.4377455758068614
  },
  "Add delivery  address" : {
    "transaction" : "Add delivery  address",
    "sampleCount" : 192,
    "errorCount" : 0,
    "errorPct" : 0.0,
    "meanResTime" : 505.0468750000001,
    "medianResTime" : 493.5,
    "minResTime" : 92.0,
    "maxResTime" : 2090.0,
    "pct1ResTime" : 951.7,
    "pct2ResTime" : 1146.8999999999996,
    "pct3ResTime" : 1739.3899999999974,
    "throughput" : 0.112165781024354,
    "receivedKBytesPerSec" : 0.04983928746687604,
    "sentKBytesPerSec" : 0.28707566502040016
  },
  "Get me" : {
    "transaction" : "Get me",
    "sampleCount" : 197,
    "errorCount" : 0,
    "errorPct" : 0.0,
    "meanResTime" : 336.8629441624367,
    "medianResTime" : 237.0,
    "minResTime" : 27.0,
    "maxResTime" : 7289.0,
    "pct1ResTime" : 691.6,
    "pct2ResTime" : 845.9999999999998,
    "pct3ResTime" : 1904.8800000000563,
    "throughput" : 0.11120770437943843,
    "receivedKBytesPerSec" : 0.048042557410271754,
    "sentKBytesPerSec" : 0.20219572591252413
  },
  " Logout" : {
    "transaction" : " Logout",
    "sampleCount" : 192,
    "errorCount" : 0,
    "errorPct" : 0.0,
    "meanResTime" : 80.12499999999999,
    "medianResTime" : 27.5,
    "minResTime" : 3.0,
    "maxResTime" : 1316.0,
    "pct1ResTime" : 210.80000000000007,
    "pct2ResTime" : 354.35,
    "pct3ResTime" : 745.9099999999958,
    "throughput" : 0.11229679106070753,
    "receivedKBytesPerSec" : 0.061741302116385094,
    "sentKBytesPerSec" : 0.18958993759339787
  }
}