{
  "Get product detail  " : {
    "transaction" : "Get product detail  ",
    "sampleCount" : 4792,
    "errorCount" : 15,
    "errorPct" : 0.3130217,
    "meanResTime" : 411.71848914858066,
    "medianResTime" : 135.0,
    "minResTime" : 2.0,
    "maxResTime" : 10876.0,
    "pct1ResTime" : 945.7999999999993,
    "pct2ResTime" : 2068.3499999999885,
    "pct3ResTime" : 4682.539999999994,
    "throughput" : 2.675785481518542,
    "receivedKBytesPerSec" : 3.497272097042174,
    "sentKBytesPerSec" : 8.267490759410478
  },
  "Create order from cart" : {
    "transaction" : "Create order from cart",
    "sampleCount" : 607,
    "errorCount" : 134,
    "errorPct" : 22.075783,
    "meanResTime" : 703.1021416803956,
    "medianResTime" : 365.0,
    "minResTime" : 1.0,
    "maxResTime" : 9144.0,
    "pct1ResTime" : 1962.2000000000048,
    "pct2ResTime" : 3360.000000000002,
    "pct3ResTime" : 5878.479999999988,
    "throughput" : 0.34262774596100026,
    "receivedKBytesPerSec" : 0.3037389279237097,
    "sentKBytesPerSec" : 0.5479217221193021
  },
  "Add payment method" : {
    "transaction" : "Add payment method",
    "sampleCount" : 607,
    "errorCount" : 130,
    "errorPct" : 21.416803,
    "meanResTime" : 522.7660626029655,
    "medianResTime" : 147.0,
    "minResTime" : 1.0,
    "maxResTime" : 32457.0,
    "pct1ResTime" : 804.4000000000001,
    "pct2ResTime" : 2292.0,
    "pct3ResTime" : 6572.399999999977,
    "throughput" : 0.3430512344475434,
    "receivedKBytesPerSec" : 0.2787004285314638,
    "sentKBytesPerSec" : 0.633832478707652
  },
  "Get cart" : {
    "transaction" : "Get cart",
    "sampleCount" : 607,
    "errorCount" : 132,
    "errorPct" : 21.746294,
    "meanResTime" : 339.54036243822077,
    "medianResTime" : 113.0,
    "minResTime" : 2.0,
    "maxResTime" : 10419.0,
    "pct1ResTime" : 557.4000000000042,
    "pct2ResTime" : 1801.6,
    "pct3ResTime" : 5419.999999999981,
    "throughput" : 0.3433382203880684,
    "receivedKBytesPerSec" : 0.4482346619518467,
    "sentKBytesPerSec" : 2.599858146731556
  },
  "Total" : {
    "transaction" : "Total",
    "sampleCount" : 15062,
    "errorCount" : 1211,
    "errorPct" : 8.040101,
    "meanResTime" : 588.871199043951,
    "medianResTime" : 196.5,
    "minResTime" : 1.0,
    "maxResTime" : 34395.0,
    "pct1ResTime" : 1308.7000000000007,
    "pct2ResTime" : 2973.0,
    "pct3ResTime" : 6065.659999999982,
    "throughput" : 8.341797712236225,
    "receivedKBytesPerSec" : 17.580716754513443,
    "sentKBytesPerSec" : 21.15599667438522
  },
  "SignIn" : {
    "transaction" : "SignIn",
    "sampleCount" : 612,
    "errorCount" : 130,
    "errorPct" : 21.24183,
    "meanResTime" : 332.0751633986928,
    "medianResTime" : 111.0,
    "minResTime" : 1.0,
    "maxResTime" : 7478.0,
    "pct1ResTime" : 462.6000000000017,
    "pct2ResTime" : 1719.9000000000008,
    "pct3ResTime" : 5552.840000000002,
    "throughput" : 0.34090776161189207,
    "receivedKBytesPerSec" : 0.9171725870261758,
    "sentKBytesPerSec" : 0.48804053742131126
  },
  "Remove  cart" : {
    "transaction" : "Remove  cart",
    "sampleCount" : 607,
    "errorCount" : 130,
    "errorPct" : 21.416803,
    "meanResTime" : 233.4217462932454,
    "medianResTime" : 56.0,
    "minResTime" : 1.0,
    "maxResTime" : 5428.0,
    "pct1ResTime" : 473.2000000000005,
    "pct2ResTime" : 1469.4000000000033,
    "pct3ResTime" : 3768.839999999998,
    "throughput" : 0.3429568416782398,
    "receivedKBytesPerSec" : 0.2661892614675841,
    "sentKBytesPerSec" : 0.5102854697251599
  },
  " Search 50 products  with prices, availability, tax, discounts" : {
    "transaction" : " Search 50 products  with prices, availability, tax, discounts",
    "sampleCount" : 612,
    "errorCount" : 130,
    "errorPct" : 21.24183,
    "meanResTime" : 486.8562091503273,
    "medianResTime" : 207.0,
    "minResTime" : 1.0,
    "maxResTime" : 17398.0,
    "pct1ResTime" : 1001.0000000000009,
    "pct2ResTime" : 2261.6500000000005,
    "pct3ResTime" : 5784.200000000001,
    "throughput" : 0.34148755774459744,
    "receivedKBytesPerSec" : 10.141752929880942,
    "sentKBytesPerSec" : 0.7843051924382825
  },
  "Add  SKU to cart" : {
    "transaction" : "Add  SKU to cart",
    "sampleCount" : 4792,
    "errorCount" : 15,
    "errorPct" : 0.3130217,
    "meanResTime" : 989.0511268781306,
    "medianResTime" : 462.5,
    "minResTime" : 2.0,
    "maxResTime" : 20720.0,
    "pct1ResTime" : 2790.2999999999984,
    "pct2ResTime" : 4494.849999999994,
    "pct3ResTime" : 7088.3299999999945,
    "throughput" : 2.670189771813561,
    "receivedKBytesPerSec" : 0.8790460443007998,
    "sentKBytesPerSec" : 5.921098890773525
  },
  "Add delivery  address" : {
    "transaction" : "Add delivery  address",
    "sampleCount" : 607,
    "errorCount" : 130,
    "errorPct" : 21.416803,
    "meanResTime" : 468.0049423393737,
    "medianResTime" : 154.0,
    "minResTime" : 1.0,
    "maxResTime" : 34395.0,
    "pct1ResTime" : 609.2000000000014,
    "pct2ResTime" : 2126.2000000000016,
    "pct3ResTime" : 5035.519999999998,
    "throughput" : 0.34311076542528773,
    "receivedKBytesPerSec" : 0.32844500590127906,
    "sentKBytesPerSec" : 0.68860068711181
  },
  "Get me" : {
    "transaction" : "Get me",
    "sampleCount" : 612,
    "errorCount" : 130,
    "errorPct" : 21.24183,
    "meanResTime" : 253.5441176470587,
    "medianResTime" : 63.0,
    "minResTime" : 1.0,
    "maxResTime" : 7847.0,
    "pct1ResTime" : 454.00000000000045,
    "pct2ResTime" : 1643.1500000000024,
    "pct3ResTime" : 4171.990000000002,
    "throughput" : 0.3411987449238324,
    "receivedKBytesPerSec" : 0.32138085417879264,
    "sentKBytesPerSec" : 0.48858886286458647
  },
  " Logout" : {
    "transaction" : " Logout",
    "sampleCount" : 607,
    "errorCount" : 135,
    "errorPct" : 22.240528,
    "meanResTime" : 205.54530477759488,
    "medianResTime" : 14.0,
    "minResTime" : 1.0,
    "maxResTime" : 31953.0,
    "pct1ResTime" : 189.4000000000001,
    "pct2ResTime" : 908.0000000000002,
    "pct3ResTime" : 3150.6399999999962,
    "throughput" : 0.3428340344392884,
    "receivedKBytesPerSec" : 0.35505005616943114,
    "sentKBytesPerSec" : 0.4513353406821437
  }
}