{
  "Get product detail  " : {
    "transaction" : "Get product detail  ",
    "sampleCount" : 4937,
    "errorCount" : 0,
    "errorPct" : 0.0,
    "meanResTime" : 1030.806765242048,
    "medianResTime" : 338.0,
    "minResTime" : 17.0,
    "maxResTime" : 10971.0,
    "pct1ResTime" : 2818.2,
    "pct2ResTime" : 4135.099999999999,
    "pct3ResTime" : 6950.699999999996,
    "throughput" : 2.7436953914586986,
    "receivedKBytesPerSec" : 3.5585545051039293,
    "sentKBytesPerSec" : 8.50395955341731
  },
  "Create order from cart" : {
    "transaction" : "Create order from cart",
    "sampleCount" : 468,
    "errorCount" : 0,
    "errorPct" : 0.0,
    "meanResTime" : 1509.2970085470083,
    "medianResTime" : 1069.5,
    "minResTime" : 127.0,
    "maxResTime" : 9541.0,
    "pct1ResTime" : 3612.1000000000004,
    "pct2ResTime" : 4864.199999999999,
    "pct3ResTime" : 6584.1,
    "throughput" : 0.2621600531938433,
    "receivedKBytesPerSec" : 0.07859681282276355,
    "sentKBytesPerSec" : 0.5363129091349335
  },
  "Get cart" : {
    "transaction" : "Get cart",
    "sampleCount" : 470,
    "errorCount" : 0,
    "errorPct" : 0.0,
    "meanResTime" : 1030.7063829787248,
    "medianResTime" : 398.5,
    "minResTime" : 53.0,
    "maxResTime" : 7015.0,
    "pct1ResTime" : 2933.4000000000015,
    "pct2ResTime" : 3580.5,
    "pct3ResTime" : 5352.8200000000015,
    "throughput" : 0.2630511130700024,
    "receivedKBytesPerSec" : 0.22742213844464035,
    "sentKBytesPerSec" : 2.5454420141949656
  },
  "Total" : {
    "transaction" : "Total",
    "sampleCount" : 13282,
    "errorCount" : 0,
    "errorPct" : 0.0,
    "meanResTime" : 6022.876072880548,
    "medianResTime" : 903.0,
    "minResTime" : 3.0,
    "maxResTime" : 46394.0,
    "pct1ResTime" : 25503.7,
    "pct2ResTime" : 30239.0,
    "pct3ResTime" : 36864.34,
    "throughput" : 7.324492325882005,
    "receivedKBytesPerSec" : 16.21130058043238,
    "sentKBytesPerSec" : 20.282249723821916
  },
  "SignIn" : {
    "transaction" : "SignIn",
    "sampleCount" : 512,
    "errorCount" : 0,
    "errorPct" : 0.0,
    "meanResTime" : 998.6308593750007,
    "medianResTime" : 656.5,
    "minResTime" : 41.0,
    "maxResTime" : 6929.0,
    "pct1ResTime" : 2415.2,
    "pct2ResTime" : 3395.299999999999,
    "pct3ResTime" : 5283.18,
    "throughput" : 0.28467566434515146,
    "receivedKBytesPerSec" : 0.7550137380680864,
    "sentKBytesPerSec" : 0.49387824391950574
  },
  "Remove  cart" : {
    "transaction" : "Remove  cart",
    "sampleCount" : 468,
    "errorCount" : 0,
    "errorPct" : 0.0,
    "meanResTime" : 359.20726495726456,
    "medianResTime" : 123.0,
    "minResTime" : 9.0,
    "maxResTime" : 5819.0,
    "pct1ResTime" : 998.4000000000008,
    "pct2ResTime" : 1442.749999999998,
    "pct3ResTime" : 2740.38,
    "throughput" : 0.2623036085802425,
    "receivedKBytesPerSec" : 0.056631245754380694,
    "sentKBytesPerSec" : 0.4994639861839421
  },
  " Search 50 products  with prices, availability, tax, discounts" : {
    "transaction" : " Search 50 products  with prices, availability, tax, discounts",
    "sampleCount" : 512,
    "errorCount" : 0,
    "errorPct" : 0.0,
    "meanResTime" : 2275.462890625001,
    "medianResTime" : 1579.0,
    "minResTime" : 95.0,
    "maxResTime" : 12893.0,
    "pct1ResTime" : 5431.499999999999,
    "pct2ResTime" : 7390.449999999999,
    "pct3ResTime" : 11698.500000000002,
    "throughput" : 0.2841060425803932,
    "receivedKBytesPerSec" : 10.496111788410083,
    "sentKBytesPerSec" : 0.828505345577268
  },
  "Add  SKU to cart" : {
    "transaction" : "Add  SKU to cart",
    "sampleCount" : 4936,
    "errorCount" : 0,
    "errorPct" : 0.0,
    "meanResTime" : 14478.739870340374,
    "medianResTime" : 15949.0,
    "minResTime" : 375.0,
    "maxResTime" : 46394.0,
    "pct1ResTime" : 31860.6,
    "pct2ResTime" : 34684.899999999994,
    "pct3ResTime" : 39552.26,
    "throughput" : 2.7237235994426743,
    "receivedKBytesPerSec" : 0.879917448681869,
    "sentKBytesPerSec" : 6.058799654085448
  },
  "Get me" : {
    "transaction" : "Get me",
    "sampleCount" : 512,
    "errorCount" : 0,
    "errorPct" : 0.0,
    "meanResTime" : 533.3007812499999,
    "medianResTime" : 147.0,
    "minResTime" : 4.0,
    "maxResTime" : 6623.0,
    "pct1ResTime" : 1577.4999999999998,
    "pct2ResTime" : 2545.299999999995,
    "pct3ResTime" : 5019.690000000003,
    "throughput" : 0.28474500862021024,
    "receivedKBytesPerSec" : 0.12308239426338914,
    "sentKBytesPerSec" : 0.5177247641607808
  },
  " Logout" : {
    "transaction" : " Logout",
    "sampleCount" : 467,
    "errorCount" : 0,
    "errorPct" : 0.0,
    "meanResTime" : 281.38972162740896,
    "medianResTime" : 126.0,
    "minResTime" : 3.0,
    "maxResTime" : 3266.0,
    "pct1ResTime" : 742.5999999999999,
    "pct2ResTime" : 1203.1999999999964,
    "pct3ResTime" : 2187.359999999999,
    "throughput" : 0.26224360353034926,
    "receivedKBytesPerSec" : 0.14418276248787754,
    "sentKBytesPerSec" : 0.44275214589111445
  }
}