{
  "Get product detail  " : {
    "transaction" : "Get product detail  ",
    "sampleCount" : 1753,
    "errorCount" : 158,
    "errorPct" : 9.013121,
    "meanResTime" : 1891.4386765544768,
    "medianResTime" : 815.0,
    "minResTime" : 143.0,
    "maxResTime" : 154800.0,
    "pct1ResTime" : 2722.600000000002,
    "pct2ResTime" : 3934.199999999999,
    "pct3ResTime" : 28073.500000000106,
    "throughput" : 7.054098862008466,
    "receivedKBytesPerSec" : 8.360850681869396,
    "sentKBytesPerSec" : 12.998037129337888
  },
  "Create order from cart" : {
    "transaction" : "Create order from cart",
    "sampleCount" : 155,
    "errorCount" : 21,
    "errorPct" : 13.548388,
    "meanResTime" : 2218.8967741935485,
    "medianResTime" : 1560.0,
    "minResTime" : 202.0,
    "maxResTime" : 30063.0,
    "pct1ResTime" : 4175.2,
    "pct2ResTime" : 4984.999999999995,
    "pct3ResTime" : 28089.55999999999,
    "throughput" : 0.7867141740516288,
    "receivedKBytesPerSec" : 1.5030493501360256,
    "sentKBytesPerSec" : 0.620875698526053
  },
  "Add payment method" : {
    "transaction" : "Add payment method",
    "sampleCount" : 160,
    "errorCount" : 21,
    "errorPct" : 13.125,
    "meanResTime" : 2452.9999999999995,
    "medianResTime" : 1209.5,
    "minResTime" : 342.0,
    "maxResTime" : 67311.0,
    "pct1ResTime" : 3328.4000000000005,
    "pct2ResTime" : 6090.399999999992,
    "pct3ResTime" : 64645.29999999994,
    "throughput" : 0.7847599615467619,
    "receivedKBytesPerSec" : 1.0972892750902474,
    "sentKBytesPerSec" : 0.8622971579427519
  },
  "Get cart" : {
    "transaction" : "Get cart",
    "sampleCount" : 175,
    "errorCount" : 10,
    "errorPct" : 5.714286,
    "meanResTime" : 5351.097142857143,
    "medianResTime" : 3005.0,
    "minResTime" : 213.0,
    "maxResTime" : 94792.0,
    "pct1ResTime" : 10539.2,
    "pct2ResTime" : 14223.199999999999,
    "pct3ResTime" : 94592.12,
    "throughput" : 0.7879617455829115,
    "receivedKBytesPerSec" : 20.32260631292437,
    "sentKBytesPerSec" : 6.634690663103578
  },
  "Total" : {
    "transaction" : "Total",
    "sampleCount" : 4767,
    "errorCount" : 386,
    "errorPct" : 8.097336,
    "meanResTime" : 2182.1369834277307,
    "medianResTime" : 1052.0,
    "minResTime" : 115.0,
    "maxResTime" : 179972.0,
    "pct1ResTime" : 3177.199999999998,
    "pct2ResTime" : 5003.199999999974,
    "pct3ResTime" : 27226.519999999568,
    "throughput" : 18.72841635465735,
    "receivedKBytesPerSec" : 41.28650634814543,
    "sentKBytesPerSec" : 29.336626875248005
  },
  "Remove  cart" : {
    "transaction" : "Remove  cart",
    "sampleCount" : 149,
    "errorCount" : 4,
    "errorPct" : 2.6845639,
    "meanResTime" : 1715.214765100671,
    "medianResTime" : 645.0,
    "minResTime" : 169.0,
    "maxResTime" : 65062.0,
    "pct1ResTime" : 1969.0,
    "pct2ResTime" : 4087.5,
    "pct3ResTime" : 53148.0,
    "throughput" : 0.7337804962129048,
    "receivedKBytesPerSec" : 0.27008427856819234,
    "sentKBytesPerSec" : 0.47514230078352
  },
  " Search 50 products  with prices, availability, tax, discounts" : {
    "transaction" : " Search 50 products  with prices, availability, tax, discounts",
    "sampleCount" : 238,
    "errorCount" : 28,
    "errorPct" : 11.764706,
    "meanResTime" : 1984.3067226890753,
    "medianResTime" : 1144.5,
    "minResTime" : 228.0,
    "maxResTime" : 17203.0,
    "pct1ResTime" : 4050.2999999999997,
    "pct2ResTime" : 5670.049999999988,
    "pct3ResTime" : 15639.86999999995,
    "throughput" : 1.3291634089132134,
    "receivedKBytesPerSec" : 7.917497102926394,
    "sentKBytesPerSec" : 2.208369619471127
  },
  "Add  SKU to cart" : {
    "transaction" : "Add  SKU to cart",
    "sampleCount" : 1726,
    "errorCount" : 119,
    "errorPct" : 6.8945537,
    "meanResTime" : 2118.575898030127,
    "medianResTime" : 1277.0,
    "minResTime" : 155.0,
    "maxResTime" : 177829.0,
    "pct1ResTime" : 2798.699999999999,
    "pct2ResTime" : 4326.999999999997,
    "pct3ResTime" : 23449.87000000001,
    "throughput" : 6.991392405063291,
    "receivedKBytesPerSec" : 6.2434493670886075,
    "sentKBytesPerSec" : 6.642120253164557
  },
  "Add delivery  address" : {
    "transaction" : "Add delivery  address",
    "sampleCount" : 166,
    "errorCount" : 15,
    "errorPct" : 9.036144,
    "meanResTime" : 1861.6746987951806,
    "medianResTime" : 1093.5,
    "minResTime" : 140.0,
    "maxResTime" : 21925.0,
    "pct1ResTime" : 3110.6000000000004,
    "pct2ResTime" : 8007.950000000009,
    "pct3ResTime" : 17901.650000000074,
    "throughput" : 0.9128553124329795,
    "receivedKBytesPerSec" : 1.4028792061458257,
    "sentKBytesPerSec" : 1.187704326989172
  },
  "Get me" : {
    "transaction" : "Get me",
    "sampleCount" : 245,
    "errorCount" : 10,
    "errorPct" : 4.0816326,
    "meanResTime" : 2939.4775510204076,
    "medianResTime" : 662.0,
    "minResTime" : 115.0,
    "maxResTime" : 179972.0,
    "pct1ResTime" : 3819.6000000000013,
    "pct2ResTime" : 5717.499999999998,
    "pct3ResTime" : 76140.37999999938,
    "throughput" : 0.9625584410482065,
    "receivedKBytesPerSec" : 0.5055887321730248,
    "sentKBytesPerSec" : 0.4624639040584607
  }
}