{
  "Get product detail  " : {
    "transaction" : "Get product detail  ",
    "sampleCount" : 7398,
    "errorCount" : 0,
    "errorPct" : 0.0,
    "meanResTime" : 524.3404974317366,
    "medianResTime" : 388.0,
    "minResTime" : 18.0,
    "maxResTime" : 5019.0,
    "pct1ResTime" : 1145.1000000000004,
    "pct2ResTime" : 1558.0,
    "pct3ResTime" : 2621.3100000000068,
    "throughput" : 4.115178265984698,
    "receivedKBytesPerSec" : 5.334531629383641,
    "sentKBytesPerSec" : 12.754811197319126
  },
  "Create order from cart" : {
    "transaction" : "Create order from cart",
    "sampleCount" : 724,
    "errorCount" : 0,
    "errorPct" : 0.0,
    "meanResTime" : 948.7859116022095,
    "medianResTime" : 813.5,
    "minResTime" : 138.0,
    "maxResTime" : 4780.0,
    "pct1ResTime" : 1935.5,
    "pct2ResTime" : 2697.0,
    "pct3ResTime" : 4118.75,
    "throughput" : 0.40837507332701595,
    "receivedKBytesPerSec" : 0.12243276124159559,
    "sentKBytesPerSec" : 0.8354311293629574
  },
  "Add payment method" : {
    "transaction" : "Add payment method",
    "sampleCount" : 725,
    "errorCount" : 0,
    "errorPct" : 0.0,
    "meanResTime" : 755.0799999999982,
    "medianResTime" : 602.0,
    "minResTime" : 75.0,
    "maxResTime" : 6687.0,
    "pct1ResTime" : 1656.6,
    "pct2ResTime" : 2228.8999999999996,
    "pct3ResTime" : 3510.9400000000005,
    "throughput" : 0.40808446278917004,
    "receivedKBytesPerSec" : 0.10920491936673171,
    "sentKBytesPerSec" : 0.9619645755949731
  },
  "Get cart" : {
    "transaction" : "Get cart",
    "sampleCount" : 727,
    "errorCount" : 0,
    "errorPct" : 0.0,
    "meanResTime" : 517.7207702888578,
    "medianResTime" : 346.0,
    "minResTime" : 49.0,
    "maxResTime" : 3550.0,
    "pct1ResTime" : 1142.6000000000001,
    "pct2ResTime" : 1477.000000000001,
    "pct3ResTime" : 2338.480000000001,
    "throughput" : 0.40843063757876474,
    "receivedKBytesPerSec" : 0.3521389842900273,
    "sentKBytesPerSec" : 3.9522212699664716
  },
  "Total" : {
    "transaction" : "Total",
    "sampleCount" : 21402,
    "errorCount" : 0,
    "errorPct" : 0.0,
    "meanResTime" : 2482.950845715361,
    "medianResTime" : 627.0,
    "minResTime" : 2.0,
    "maxResTime" : 24395.0,
    "pct1ResTime" : 10491.900000000001,
    "pct2ResTime" : 13102.750000000004,
    "pct3ResTime" : 17802.960000000006,
    "throughput" : 11.871776822577344,
    "receivedKBytesPerSec" : 24.425081284949826,
    "sentKBytesPerSec" : 32.71570803746804
  },
  "SignIn" : {
    "transaction" : "SignIn",
    "sampleCount" : 754,
    "errorCount" : 0,
    "errorPct" : 0.0,
    "meanResTime" : 540.3899204244032,
    "medianResTime" : 501.5,
    "minResTime" : 45.0,
    "maxResTime" : 4164.0,
    "pct1ResTime" : 1138.5,
    "pct2ResTime" : 1342.25,
    "pct3ResTime" : 1907.7000000000012,
    "throughput" : 0.41898851504691115,
    "receivedKBytesPerSec" : 1.11123807754705,
    "sentKBytesPerSec" : 0.751790629765022
  },
  "Remove  cart" : {
    "transaction" : "Remove  cart",
    "sampleCount" : 724,
    "errorCount" : 0,
    "errorPct" : 0.0,
    "meanResTime" : 296.71823204419906,
    "medianResTime" : 145.0,
    "minResTime" : 7.0,
    "maxResTime" : 3122.0,
    "pct1ResTime" : 762.5,
    "pct2ResTime" : 1004.25,
    "pct3ResTime" : 2201.25,
    "throughput" : 0.4091447236436485,
    "receivedKBytesPerSec" : 0.08830174211449836,
    "sentKBytesPerSec" : 0.7790701052389173
  },
  " Search 50 products  with prices, availability, tax, discounts" : {
    "transaction" : " Search 50 products  with prices, availability, tax, discounts",
    "sampleCount" : 753,
    "errorCount" : 0,
    "errorPct" : 0.0,
    "meanResTime" : 1247.419654714474,
    "medianResTime" : 1220.0,
    "minResTime" : 96.0,
    "maxResTime" : 6006.0,
    "pct1ResTime" : 2667.2000000000003,
    "pct2ResTime" : 3013.5,
    "pct3ResTime" : 4434.280000000004,
    "throughput" : 0.41961315345135997,
    "receivedKBytesPerSec" : 15.502461544168046,
    "sentKBytesPerSec" : 1.223673066568311
  },
  "Add  SKU to cart" : {
    "transaction" : "Add  SKU to cart",
    "sampleCount" : 7394,
    "errorCount" : 0,
    "errorPct" : 0.0,
    "meanResTime" : 6121.783337841494,
    "medianResTime" : 4491.5,
    "minResTime" : 220.0,
    "maxResTime" : 24395.0,
    "pct1ResTime" : 14159.0,
    "pct2ResTime" : 16282.5,
    "pct3ResTime" : 20109.750000000004,
    "throughput" : 4.111363800648343,
    "receivedKBytesPerSec" : 1.3251472508312805,
    "sentKBytesPerSec" : 9.145544764217956
  },
  "Add delivery  address" : {
    "transaction" : "Add delivery  address",
    "sampleCount" : 725,
    "errorCount" : 0,
    "errorPct" : 0.0,
    "meanResTime" : 684.6317241379302,
    "medianResTime" : 592.0,
    "minResTime" : 74.0,
    "maxResTime" : 3377.0,
    "pct1ResTime" : 1421.9999999999998,
    "pct2ResTime" : 1878.0999999999972,
    "pct3ResTime" : 2789.7,
    "throughput" : 0.40821865204511915,
    "receivedKBytesPerSec" : 0.18141755968015927,
    "sentKBytesPerSec" : 1.0448016583460444
  },
  "Get me" : {
    "transaction" : "Get me",
    "sampleCount" : 754,
    "errorCount" : 0,
    "errorPct" : 0.0,
    "meanResTime" : 297.8289124668434,
    "medianResTime" : 147.0,
    "minResTime" : 4.0,
    "maxResTime" : 3335.0,
    "pct1ResTime" : 663.5,
    "pct2ResTime" : 990.0,
    "pct3ResTime" : 2125.7500000000064,
    "throughput" : 0.4191597126365535,
    "receivedKBytesPerSec" : 0.18118043074497578,
    "sentKBytesPerSec" : 0.7621194754930547
  },
  " Logout" : {
    "transaction" : " Logout",
    "sampleCount" : 724,
    "errorCount" : 0,
    "errorPct" : 0.0,
    "meanResTime" : 142.72651933701653,
    "medianResTime" : 80.5,
    "minResTime" : 2.0,
    "maxResTime" : 2221.0,
    "pct1ResTime" : 321.0,
    "pct2ResTime" : 430.5,
    "pct3ResTime" : 1108.5,
    "throughput" : 0.4092113243016701,
    "receivedKBytesPerSec" : 0.2249863042791409,
    "sentKBytesPerSec" : 0.690880806533477
  }
}