{
  "Get product detail  " : {
    "transaction" : "Get product detail  ",
    "sampleCount" : 473,
    "errorCount" : 0,
    "errorPct" : 0.0,
    "meanResTime" : 2970.1670190274854,
    "medianResTime" : 896.0,
    "minResTime" : 31.0,
    "maxResTime" : 31884.0,
    "pct1ResTime" : 10764.400000000003,
    "pct2ResTime" : 14354.099999999991,
    "pct3ResTime" : 24624.399999999998,
    "throughput" : 2.5581948771201106,
    "receivedKBytesPerSec" : 3.3768878011152217,
    "sentKBytesPerSec" : 4.684194721289265
  },
  "Create order from cart" : {
    "transaction" : "Create order from cart",
    "sampleCount" : 19,
    "errorCount" : 0,
    "errorPct" : 0.0,
    "meanResTime" : 5787.578947368422,
    "medianResTime" : 4196.0,
    "minResTime" : 1395.0,
    "maxResTime" : 18106.0,
    "pct1ResTime" : 16503.0,
    "pct2ResTime" : 18106.0,
    "pct3ResTime" : 18106.0,
    "throughput" : 0.14171278547667707,
    "receivedKBytesPerSec" : 0.16769394839789964,
    "sentKBytesPerSec" : 0.11015954808538567
  },
  "Add payment method" : {
    "transaction" : "Add payment method",
    "sampleCount" : 20,
    "errorCount" : 0,
    "errorPct" : 0.0,
    "meanResTime" : 5817.35,
    "medianResTime" : 1942.0,
    "minResTime" : 922.0,
    "maxResTime" : 47200.0,
    "pct1ResTime" : 28267.800000000057,
    "pct2ResTime" : 46384.39999999999,
    "pct3ResTime" : 47200.0,
    "throughput" : 0.16218758616215517,
    "receivedKBytesPerSec" : 0.043397850203545425,
    "sentKBytesPerSec" : 0.1766007407917998
  },
  "Get cart" : {
    "transaction" : "Get cart",
    "sampleCount" : 24,
    "errorCount" : 0,
    "errorPct" : 0.0,
    "meanResTime" : 5937.291666666668,
    "medianResTime" : 1707.0,
    "minResTime" : 402.0,
    "maxResTime" : 33406.0,
    "pct1ResTime" : 20654.0,
    "pct2ResTime" : 30854.75,
    "pct3ResTime" : 33406.0,
    "throughput" : 0.18405613712182214,
    "receivedKBytesPerSec" : 6.335632237624141,
    "sentKBytesPerSec" : 1.5475813873231334
  },
  "Total" : {
    "transaction" : "Total",
    "sampleCount" : 1162,
    "errorCount" : 0,
    "errorPct" : 0.0,
    "meanResTime" : 6058.856282271947,
    "medianResTime" : 1895.5,
    "minResTime" : 4.0,
    "maxResTime" : 61002.0,
    "pct1ResTime" : 18161.600000000002,
    "pct2ResTime" : 33870.44999999998,
    "pct3ResTime" : 47142.66999999999,
    "throughput" : 5.913967549520572,
    "receivedKBytesPerSec" : 19.97113155524114,
    "sentKBytesPerSec" : 8.700334696463834
  },
  "Remove  cart" : {
    "transaction" : "Remove  cart",
    "sampleCount" : 17,
    "errorCount" : 0,
    "errorPct" : 0.0,
    "meanResTime" : 4172.470588235294,
    "medianResTime" : 700.0,
    "minResTime" : 112.0,
    "maxResTime" : 16424.0,
    "pct1ResTime" : 14079.999999999998,
    "pct2ResTime" : 16424.0,
    "pct3ResTime" : 16424.0,
    "throughput" : 0.1552511415525114,
    "receivedKBytesPerSec" : 0.03350634988584475,
    "sentKBytesPerSec" : 0.09869970034246575
  },
  " Search 50 products  with prices, availability, tax, discounts" : {
    "transaction" : " Search 50 products  with prices, availability, tax, discounts",
    "sampleCount" : 61,
    "errorCount" : 0,
    "errorPct" : 0.0,
    "meanResTime" : 4218.196721311475,
    "medianResTime" : 1695.0,
    "minResTime" : 237.0,
    "maxResTime" : 31101.0,
    "pct1ResTime" : 13198.000000000002,
    "pct2ResTime" : 23032.999999999985,
    "pct3ResTime" : 31101.0,
    "throughput" : 0.35542607428987616,
    "receivedKBytesPerSec" : 13.130274717771304,
    "sentKBytesPerSec" : 0.5856586853605243
  },
  "Add  SKU to cart" : {
    "transaction" : "Add  SKU to cart",
    "sampleCount" : 463,
    "errorCount" : 0,
    "errorPct" : 0.0,
    "meanResTime" : 10145.427645788337,
    "medianResTime" : 3804.0,
    "minResTime" : 230.0,
    "maxResTime" : 61002.0,
    "pct1ResTime" : 38102.000000000015,
    "pct2ResTime" : 42771.2,
    "pct3ResTime" : 52823.00000000003,
    "throughput" : 2.386622542500438,
    "receivedKBytesPerSec" : 0.7597180850446912,
    "sentKBytesPerSec" : 2.242120005747482
  },
  "Add delivery  address" : {
    "transaction" : "Add delivery  address",
    "sampleCount" : 23,
    "errorCount" : 0,
    "errorPct" : 0.0,
    "meanResTime" : 9823.913043478262,
    "medianResTime" : 3593.0,
    "minResTime" : 609.0,
    "maxResTime" : 31897.0,
    "pct1ResTime" : 30272.600000000006,
    "pct2ResTime" : 31875.8,
    "pct3ResTime" : 31897.0,
    "throughput" : 0.17281928362649998,
    "receivedKBytesPerSec" : 0.1771045443957712,
    "sentKBytesPerSec" : 0.22311239546311812
  },
  "Get me" : {
    "transaction" : "Get me",
    "sampleCount" : 62,
    "errorCount" : 0,
    "errorPct" : 0.0,
    "meanResTime" : 244.69354838709674,
    "medianResTime" : 76.0,
    "minResTime" : 4.0,
    "maxResTime" : 2753.0,
    "pct1ResTime" : 684.8000000000002,
    "pct2ResTime" : 1099.1,
    "pct3ResTime" : 2753.0,
    "throughput" : 0.34429142603287427,
    "receivedKBytesPerSec" : 0.09750440776321634,
    "sentKBytesPerSec" : 0.1613866059529098
  }
}