{
  "Get product detail  " : {
    "transaction" : "Get product detail  ",
    "sampleCount" : 855,
    "errorCount" : 0,
    "errorPct" : 0.0,
    "meanResTime" : 2580.589473684209,
    "medianResTime" : 2432.0,
    "minResTime" : 583.0,
    "maxResTime" : 16671.0,
    "pct1ResTime" : 4060.6,
    "pct2ResTime" : 4531.2,
    "pct3ResTime" : 5974.639999999963,
    "throughput" : 5.523398537429908,
    "receivedKBytesPerSec" : 5.4195067621256365,
    "sentKBytesPerSec" : 11.052191018744026
  },
  "Create order from cart" : {
    "transaction" : "Create order from cart",
    "sampleCount" : 38,
    "errorCount" : 0,
    "errorPct" : 0.0,
    "meanResTime" : 9012.552631578952,
    "medianResTime" : 7740.5,
    "minResTime" : 5991.0,
    "maxResTime" : 22162.0,
    "pct1ResTime" : 13535.500000000002,
    "pct2ResTime" : 17905.04999999999,
    "pct3ResTime" : 22162.0,
    "throughput" : 0.5023066449881693,
    "receivedKBytesPerSec" : 0.5920227012861694,
    "sentKBytesPerSec" : 0.4758178180063714
  },
  "Add payment method" : {
    "transaction" : "Add payment method",
    "sampleCount" : 43,
    "errorCount" : 0,
    "errorPct" : 0.0,
    "meanResTime" : 6749.953488372093,
    "medianResTime" : 6213.0,
    "minResTime" : 5127.0,
    "maxResTime" : 16887.0,
    "pct1ResTime" : 8313.400000000001,
    "pct2ResTime" : 11095.199999999995,
    "pct3ResTime" : 16887.0,
    "throughput" : 0.5496612552729132,
    "receivedKBytesPerSec" : 0.1889460565000639,
    "sentKBytesPerSec" : 0.6919075762175636
  },
  "Get cart" : {
    "transaction" : "Get cart",
    "sampleCount" : 51,
    "errorCount" : 0,
    "errorPct" : 0.0,
    "meanResTime" : 3427.588235294118,
    "medianResTime" : 3243.0,
    "minResTime" : 2038.0,
    "maxResTime" : 6205.0,
    "pct1ResTime" : 4551.6,
    "pct2ResTime" : 4925.599999999999,
    "pct3ResTime" : 6205.0,
    "throughput" : 0.5928646989758553,
    "receivedKBytesPerSec" : 20.382686988508887,
    "sentKBytesPerSec" : 5.085667495902259
  },
  "Total" : {
    "transaction" : "Total",
    "sampleCount" : 2157,
    "errorCount" : 0,
    "errorPct" : 0.0,
    "meanResTime" : 4282.3402874362455,
    "medianResTime" : 3505.0,
    "minResTime" : 208.0,
    "maxResTime" : 31223.0,
    "pct1ResTime" : 7338.8,
    "pct2ResTime" : 8179.5,
    "pct3ResTime" : 16761.720000000016,
    "throughput" : 11.629160781100053,
    "receivedKBytesPerSec" : 21.356409205138505,
    "sentKBytesPerSec" : 19.14803706525431
  },
  "Remove  cart" : {
    "transaction" : "Remove  cart",
    "sampleCount" : 33,
    "errorCount" : 0,
    "errorPct" : 0.0,
    "meanResTime" : 605.7878787878788,
    "medianResTime" : 452.0,
    "minResTime" : 339.0,
    "maxResTime" : 1519.0,
    "pct1ResTime" : 1077.8,
    "pct2ResTime" : 1455.9999999999998,
    "pct3ResTime" : 1519.0,
    "throughput" : 0.5183056118362154,
    "receivedKBytesPerSec" : 0.15134118939358243,
    "sentKBytesPerSec" : 0.41758020484851344
  },
  " Search 50 products  with prices, availability, tax, discounts" : {
    "transaction" : " Search 50 products  with prices, availability, tax, discounts",
    "sampleCount" : 130,
    "errorCount" : 0,
    "errorPct" : 0.0,
    "meanResTime" : 5811.307692307693,
    "medianResTime" : 2483.5,
    "minResTime" : 821.0,
    "maxResTime" : 31223.0,
    "pct1ResTime" : 22429.50000000001,
    "pct2ResTime" : 28268.85,
    "pct3ResTime" : 30811.94,
    "throughput" : 0.7165455888351173,
    "receivedKBytesPerSec" : 4.494138192017682,
    "sentKBytesPerSec" : 1.3024637110998425
  },
  "Add  SKU to cart" : {
    "transaction" : "Add  SKU to cart",
    "sampleCount" : 831,
    "errorCount" : 0,
    "errorPct" : 0.0,
    "meanResTime" : 6110.643802647412,
    "medianResTime" : 6373.0,
    "minResTime" : 1221.0,
    "maxResTime" : 19697.0,
    "pct1ResTime" : 7969.6,
    "pct2ResTime" : 8452.199999999999,
    "pct3ResTime" : 11864.039999999992,
    "throughput" : 5.397155289991557,
    "receivedKBytesPerSec" : 2.1285092063388973,
    "sentKBytesPerSec" : 5.987469149834383
  },
  "Add delivery  address" : {
    "transaction" : "Add delivery  address",
    "sampleCount" : 46,
    "errorCount" : 0,
    "errorPct" : 0.0,
    "meanResTime" : 5155.369565217391,
    "medianResTime" : 4798.0,
    "minResTime" : 3897.0,
    "maxResTime" : 9231.0,
    "pct1ResTime" : 7459.200000000006,
    "pct2ResTime" : 8754.4,
    "pct3ResTime" : 9231.0,
    "throughput" : 0.5467143655142086,
    "receivedKBytesPerSec" : 0.560038671127539,
    "sentKBytesPerSec" : 0.7987155183684143
  },
  "Get me" : {
    "transaction" : "Get me",
    "sampleCount" : 130,
    "errorCount" : 0,
    "errorPct" : 0.0,
    "meanResTime" : 1019.3769230769233,
    "medianResTime" : 920.5,
    "minResTime" : 208.0,
    "maxResTime" : 3198.0,
    "pct1ResTime" : 1857.4,
    "pct2ResTime" : 2390.8499999999963,
    "pct3ResTime" : 3121.1199999999994,
    "throughput" : 0.7260703953174045,
    "receivedKBytesPerSec" : 0.6117219440115949,
    "sentKBytesPerSec" : 0.3417636040458877
  }
}